caption, image_file
Create a visual metaphor using Light Bulb and Beer combined,0_img.png
Create a visual metaphor using Bullet and Pencil combined,3_img.jpg
Create a visual metaphor using Lit cigarette and cross combined,4_img.png
Create a visual metaphor using Light Bulb and Hot Air Balloon combined,6_img.png
Create a visual metaphor using Car wheels and rhino combined,9_img.png
Create a visual metaphor using French fries and Bullets combined,10_img.png
Create a visual metaphor using a cup of coffee and a pump at gas station combined,11_img.png
Create a visual metaphor using Tomato and Bottle of Heinz Tomato Ketchup combined,13_img.jpg
Create a visual metaphor using Tomato and Heinz Ketchup Bottle combined,15_img.jpeg
Create a visual metaphor using Cigarette and Humanoid Figure made of Smoke and Ash combined,17_img.jpg
Create a visual metaphor using Glass of milk and LEGO bricks combined,18_img.jpg
Create a visual metaphor using numbers and a strong right arm combined,19_img.jpg
Create a visual metaphor using Microphone and A bird in a round cage combined,24_img.png
Create a visual metaphor using Corn cob and Bottle of oil combined,25_img.png
Create a visual metaphor using Tree and Human brain combined,27_img.png
Create a visual metaphor using Spaghetti and Flat Iron combined,29_img.jpeg
Create a visual metaphor using broccoli and human lung combined,30_img.jpeg
Create a visual metaphor using Dice and one human teeth combined,31_img.png
Create a visual metaphor using Coffee cup and Bedding (blankets and pillow) combined,32_img.jpg
Create a visual metaphor using Man's upperbody and Cheeseburger combined,36_img.png
Create a visual metaphor using Bear and Smokestacks combined,37_img.png
Create a visual metaphor using a golden bell and instant coffee capsule combined,38_img.png
Create a visual metaphor using Construction Crane and Coffee Cup combined,40_img.jpeg
Create a visual metaphor using Birdhouse and Businessman combined,41_img.png
Create a visual metaphor using A Bullhorn speaker and Person Seated combined,43_img.png
Create a visual metaphor using Baby Elephant and Packaged Meat combined,44_img.jpg
Create a visual metaphor using Hamburger and crab combined,47_img.jpg
Create a visual metaphor using Whipped cream with toppings and Man's head combined,48_img.jpg
Create a visual metaphor using Eggplant and Pencil combined,50_img.jpeg
Create a visual metaphor using planet earth and lighbulb combined,51_img.avif
Create a visual metaphor using Human lung and Blossoming tree branches combined,52_img.png
Create a visual metaphor using Fork and hand combined,54_img.png
Create a visual metaphor using screwdriver and Human Arm combined,56_img.png
Create a visual metaphor using Light Bulb and Dandelion combined,57_img.png
Create a visual metaphor using A screaming human and egg in a pan combined,58_img.png
Create a visual metaphor using Potato and Couch combined,60_img.png
Create a visual metaphor using A grenade and pinnapple combined,62_img.jpg
Create a visual metaphor using Earth and Ice cream cone combined,63_img.png
Create a visual metaphor using Human tongue and white sock combined,65_img.jpeg
Create a visual metaphor using Starbucks holiday coffee cup and Christmas tree combined,66_img.jpg
Create a visual metaphor using Frying pan and Earth combined,67_img.jpg
Create a visual metaphor using Scorpion and Carrot combined,68_img.png
Create a visual metaphor using sitting human and key opening door combined,69_img.png
Create a visual metaphor using human teeth and glass of milk combined,70_img.jpeg
Create a visual metaphor using Beer bottle and Ice cream stick combined,71_img.png
Create a visual metaphor using Compact Discs (CDs) and Beer Glass combined,74_img.png
Create a visual metaphor using a fresh scallion and mantis combined,75_img.png
Create a visual metaphor using Cactus and Moisturizer bottle combined,76_img.jpg
Create a visual metaphor using A handgun and a key combined,77_img.jpg
Create a visual metaphor using coke and a red cape combined,78_img.png
Create a visual metaphor using Burger bun and Pile of clothes combined,79_img.jpg
Create a visual metaphor using human face and neck and cactus combined,80_img.png
Create a visual metaphor using a high heel and a spear combined,81_img.jpg
Create a visual metaphor using Hot air balloon and Moon combined,82_img.png
Create a visual metaphor using Adhesive bandages and Swiss army knife combined,83_img.jpg
Create a visual metaphor using Grenade and Tabasco Sauce Bottle combined,84_img.jpeg
Create a visual metaphor using Mouthwash Bottle and Hand Grenade combined,86_img.png
Create a visual metaphor using Batteries and Smiley Face combined,87_img.jpg
Create a visual metaphor using Ghosts and Cigarette Pack combined,88_img.jpg
Create a visual metaphor using Plastic-wrapped sushi and Plastic bag combined,90_img.jpg
Create a visual metaphor using Tree and Human Brain combined,91_img.png
Create a visual metaphor using Hourglass and Glasses combined,94_img.jpg
Create a visual metaphor using Space Rocket and Human Head combined,96_img.jpg
Create a visual metaphor using Earth and Ice Cream Cone combined,97_img.png
Create a visual metaphor using A glass of beer and hay bale combined,98_img.jpg
Create a visual metaphor using Tree and Human Side Face combined,99_img.png
Create a visual metaphor using Balloon and vegetables combined,100_img.png
Create a visual metaphor using Alarm Clock and Cup of Coffee combined,101_img.png
Create a visual metaphor using Lightbulb and crumpled paper combined,102_img.png
Create a visual metaphor using coffee cup cap and Construction barrier sign and manhole cover combined,103_img.jpg
Create a visual metaphor using Plastic bag and Dress combined,104_img.jpg
Create a visual metaphor using Mushroom and Elephant combined,105_img.jpg
Create a visual metaphor using Paintbrush and Leek combined,106_img.jpg
Create a visual metaphor using Denim jeans and Miniature surfer combined,107_img.png
Create a visual metaphor using Cigarette and High-heeled shoe combined,108_img.jpg
Create a visual metaphor using Hand Grenade and Computer Keyboard combined,109_img.jpg
Create a visual metaphor using Pencil and Canary combined,110_img.jpg
Create a visual metaphor using Pill and Football helmet combined,111_img.png
Create a visual metaphor using Cloud and Gold Chains combined,112_img.jpg
Create a visual metaphor using Golf club and ball and Kitchen sponge combined,113_img.jpg
Create a visual metaphor using Apple and Hamburger combined,114_img.jpg
Create a visual metaphor using Slice of bread and Measuring tape with scale combined,115_img.jpg
Create a visual metaphor using Treadmill and Pizza combined,116_img.jpg
Create a visual metaphor using Toilet paper holder and Rolled up slice of ham combined,117_img.jpg
Create a visual metaphor using Gramophone and Lily Flower combined,118_img.jpg
Create a visual metaphor using Watermelon and sailboat combined,119_img.jpg
Create a visual metaphor using Human eye and Chocolate cake slice combined,120_img.jpg
Create a visual metaphor using Hot sauce bottle and Fire extinguisher combined,121_img.jpg
Create a visual metaphor using Raw Chicken and Car Gear Shifter combined,122_img.jpg
Create a visual metaphor using Sombrero and UFO beam combined,123_img.jpg
Create a visual metaphor using Teapot and High-heeled shoe combined,124_img.jpg
Create a visual metaphor using Scissors and Necktie combined,125_img.jpg
Create a visual metaphor using Hairbrush and Cactus combined,126_img.jpg
Create a visual metaphor using Plastic bottles and Human lungs combined,127_img.jpg
Create a visual metaphor using Perfume bottle and Onion combined,128_img.jpg
Create a visual metaphor using Belt and snake combined,129_img.jpg
Create a visual metaphor using Microphone and Missile combined,131_img.jpg
Create a visual metaphor using Cow and Barcode combined,132_img.jpg
Create a visual metaphor using Gasoline can and Plant with roots combined,133_img.jpg
Create a visual metaphor using Hedgehog and Pencil scraped paper combined,139_img.jpg
Create a visual metaphor using Coffee cup and Safe combined,140_img.jpg
Create a visual metaphor using Lips and Candy Wrapper combined,141_img.jpg
Create a visual metaphor using Snail and Knitted Hat combined,142_img.jpg
Create a visual metaphor using Hammer and Paper cup combined,143_img.jpg
Create a visual metaphor using Baseball Bat and Umbrella combined,144_img.jpg
Create a visual metaphor using Pear and Brass tap combined,145_img.jpg
Create a visual metaphor using Toothbrush and Burning forest combined,146_img.jpg
Create a visual metaphor using Seagull and Airplane combined,148_img.jpg
Create a visual metaphor using Paintbrush and Seashell combined,149_img.jpg
Create a visual metaphor using Globe stand and Trash bag combined,150_img.jpg
Create a visual metaphor using Baby bottle and Stork carrying a baby bundle combined,151_img.jpg
Create a visual metaphor using Microphone and Ice cream cone combined,152_img.jpg
Create a visual metaphor using Ladybug and Dice combined,153_img.jpg
Create a visual metaphor using Monarch Butterfly and Dart combined,155_img.jpg
Create a visual metaphor using Car and Popsicle combined,156_img.jpg
Create a visual metaphor using Nail polish and Ketchup bottle combined,158_img.jpg
Create a visual metaphor using Fish and Sardine can combined,159_img.jpg
Create a visual metaphor using Fire truck and Pencil combined,160_img.jpg
Create a visual metaphor using Open book with fanned pages and Peacock with spread tail feathers combined,161_img.jpg
Create a visual metaphor using Fish tail and Cigarette butt combined,163_img.jpg
Create a visual metaphor using Hot dog and Microphone combined,165_img.jpg
Create a visual metaphor using Pear and Human ribcage combined,166_img.jpg
Create a visual metaphor using Credit card and Ham combined,168_img.jpg
Create a visual metaphor using Book and Plate combined,170_img.jpg
Create a visual metaphor using Watch and Railroad tracks combined,173_img.jpg
Create a visual metaphor using Trumpet and Nail combined,174_img.jpg
Create a visual metaphor using Salt shaker and Fly combined,176_img.jpg
Create a visual metaphor using Headphones and Seashells combined,177_img.jpg
Create a visual metaphor using Dumbbell and Heart combined,178_img.jpg
Create a visual metaphor using Lobster claws and Fire hydrant combined,179_img.jpg
Create a visual metaphor using Watermelon Slice and Parachuting Soldier combined,180_img.jpg
Create a visual metaphor using Lightbulb and Beer combined,181_img.jpg
Create a visual metaphor using Stethoscope and Bottle combined,182_img.jpg
Create a visual metaphor using butterfly and Paintbrush and painter's palette combined,183_img.jpg
Create a visual metaphor using Sea turtle and Bread combined,186_img.jpg
Create a visual metaphor using Tomatoes and Helium balloon combined,187_img.jpg
Create a visual metaphor using Chocolate Easter Egg and Computer Mouse combined,188_img.jpg
Create a visual metaphor using Bowling balls and duck combined,189_img.jpg
Create a visual metaphor using Carrot and Sound Wave combined,190_img.jpg
Create a visual metaphor using Rope and Snake combined,191_img.jpg
Create a visual metaphor using Handheld fan and Metallic color gradient combined,192_img.jpg
Create a visual metaphor using Coin purse and Human lips combined,193_img.jpg
Create a visual metaphor using Brain and Ice Cream Cone combined,194_img.jpg
Create a visual metaphor using Airplane and Banana Peel combined,195_img.jpg
Create a visual metaphor using Book and Gun combined,197_img.jpg
Create a visual metaphor using light bulb and icecream combined,198_img.jpg
Create a visual metaphor using water flashing and fish combined,199_img.jpg
Create a visual metaphor using Paint roller and Slice of pepperoni pizza combined,200_img.jpg
Create a visual metaphor using Game Boy and Brick combined,201_img.jpg
Create a visual metaphor using Human hands playing thread and Birds on a wire combined,202_img.jpg
Create a visual metaphor using chocolate bars and piano keys combined,203_img.jpg
Create a visual metaphor using Alarm clock and Cup of coffee combined,204_img.jpg
Create a visual metaphor using toilet tissues and camera combined,205_img.jpg
Create a visual metaphor using Shrimp and Audio Cable combined,206_img.jpg
Create a visual metaphor using Hair straightener and Spaghetti combined,207_img.jpg
Create a visual metaphor using Paintbrush and Barcode combined,208_img.jpg
Create a visual metaphor using Flowerpot with soil and Green comb combined,209_img.jpg
Create a visual metaphor using Office chair and Telephone handset combined,210_img.jpg
Create a visual metaphor using badminton and vegetables combined,211_img.jpg
Create a visual metaphor using Vintage Pickup Truck and Skateboard combined,212_img.jpg
Create a visual metaphor using Paintbrush and Ice cube tray combined,213_img.jpg
Create a visual metaphor using Snake and Rope combined,214_img.jpg
Create a visual metaphor using Slipper and Bread combined,215_img.jpg
Create a visual metaphor using High-heeled shoe and Car spark plug combined,216_img.jpg
Create a visual metaphor using Boxing Glove and Rose Stem combined,218_img.jpg
Create a visual metaphor using Lips and Zipper combined,219_img.jpg
Create a visual metaphor using Clothes iron and chips combined,220_img.jpg
Create a visual metaphor using Bicycle and Ferris wheel combined,221_img.jpg
Create a visual metaphor using Syringe and Coffee Beans combined,222_img.jpg
Create a visual metaphor using Fish and Deflated balloon combined,223_img.jpg
Create a visual metaphor using Tooth and Human stretching combined,224_img.jpg
Create a visual metaphor using a man wearing a cowboy hat and pudding combined,225_img.jpg
Create a visual metaphor using Eye with eyelashes and Paintbrushes arranged to resemble eyelashes combined,226_img.jpg
Create a visual metaphor using Computer Keyboard Key and hand gun combined,227_img.jpg
Create a visual metaphor using Glass of beer and Belt combined,228_img.jpg
Create a visual metaphor using Butterfly and brass knuckles combined,229_img.jpg
Create a visual metaphor using excavator in construction and chocolate icecream in a cup combined,230_img.jpg
Create a visual metaphor using Carrot and Candlestick holder combined,231_img.jpg
Create a visual metaphor using Eyeglasses and Thread Spools combined,232_img.jpg
Create a visual metaphor using Open book and Hair combined,233_img.jpg
Create a visual metaphor using Earth and Oreo cookie combined,234_img.jpg
Create a visual metaphor using Paint roller and sailing boat combined,235_img.jpg
Create a visual metaphor using Football and pinecome combined,236_img.jpg
Create a visual metaphor using Knife handle and Feather combined,237_img.jpg
Create a visual metaphor using mouth organ and flies(insect) combined,238_img.jpg
Create a visual metaphor using Clock hands and Leaves combined,239_img.jpg
Create a visual metaphor using A tape for recording and cycling person combined,240_img.jpg
Create a visual metaphor using Fork and Musical notes combined,241_img.jpg
Create a visual metaphor using Mug and Toilet paper roll combined,242_img.jpg
Create a visual metaphor using Croissant and Train combined,243_img.jpg
Create a visual metaphor using Egg roll and Lighter combined,245_img.jpg
Create a visual metaphor using table cloth and ballet dancer dress and sock combined,246_img.jpg
Create a visual metaphor using Alligator and Brie cheese combined,247_img.jpg
Create a visual metaphor using Eggplant and High-heeled shoe combined,248_img.jpg
Create a visual metaphor using Human Ear and Electric Guitar combined,249_img.jpg
Create a visual metaphor using Coffee bean and Arab headdress (keffiyeh) combined,250_img.jpg
Create a visual metaphor using a covid mask and a person doing springboard diving into a swimming pool combined,251_img.jpg
Create a visual metaphor using Globe and apple that has been bitten combined,252_img.jpg
Create a visual metaphor using Camera lens and Coffee cup combined,253_img.jpg
Create a visual metaphor using car and Popsicle combined,254_img.jpg
Create a visual metaphor using Egg carton and Pig combined,255_img.jpg
Create a visual metaphor using Iceberg and Popsicle stick combined,256_img.jpg
Create a visual metaphor using Donut and Dumbbell combined,257_img.jpg
Create a visual metaphor using Kettlebell and Teapot combined,258_img.jpg
Create a visual metaphor using Sushi Roll and Snare Drum combined,259_img.jpg
Create a visual metaphor using Necktie and Treble clef combined,260_img.jpg
Create a visual metaphor using Sports Car and Carrot combined,261_img.jpg
Create a visual metaphor using egg in a pan and clock combined,262_img.jpg
Create a visual metaphor using Cauliflower and Eagle combined,263_img.jpg
Create a visual metaphor using Lettuce and Umbrella Handle combined,264_img.jpg
Create a visual metaphor using Candy wrapper and Lake and mountains combined,265_img.jpg
Create a visual metaphor using Pump in gas station and coffee machine combined,266_img.jpg
Create a visual metaphor using Kitchen knife and Umbrella combined,267_img.jpg
Create a visual metaphor using Light bulb and Egg combined,268_img.jpg
Create a visual metaphor using Play Button and Pause button and KitKat Chocolate Bar combined,269_img.jpg
